{
    "score no brain": [
        -3.130950062768534e-05,
        3.130950062768534e-05
    ],
    "score w/ no hint": [
        -3.130968252662569e-05,
        3.130968252662569e-05
    ],
    "score_with_hints": [
        -3.130968252662569e-05,
        3.130968252662569e-05
    ]
}