{
    "score no brain": [
        -4.74103435408324e-05,
        4.741034717881121e-05
    ],
    "score w/ no hint": [
        -4.783087206305936e-05,
        4.783086842508055e-05
    ],
    "score_with_hints": [
        -4.7830864787101746e-05,
        4.7830864787101746e-05
    ]
}