{
    "score no brain": [
        -0.0007166394498199224,
        0.0007166394498199224
    ],
    "score w/ no hint": [
        -0.35236191749572754,
        0.35236191749572754
    ],
    "score_with_hints": [
        -0.4990852475166321,
        0.4990852475166321
    ]
}