{
    "score no brain": [
        -0.00019796549167949706,
        0.00019796549167949706
    ],
    "score w/ no hint": [
        -0.2416488379240036,
        0.2416488230228424
    ],
    "score_with_hints": [
        -0.7260732650756836,
        0.7260732650756836
    ]
}