{
    "score no brain": [
        -5.133316881256178e-05,
        5.133316517458297e-05
    ],
    "score w/ no hint": [
        -0.5584876537322998,
        0.558487594127655
    ],
    "score_with_hints": [
        -0.7670601606369019,
        0.7670601606369019
    ]
}