{
    "score no brain": [
        -4.4563887058757246e-05,
        4.456388342077844e-05
    ],
    "score w/ no hint": [
        -0.8643215894699097,
        0.8643215298652649
    ],
    "score_with_hints": [
        -0.9219858646392822,
        0.9219858050346375
    ]
}