{
    "score no brain": [
        -2.6260628146701492e-05,
        2.626062632771209e-05
    ],
    "score w/ no hint": [
        -2.6266707209288143e-05,
        2.6266707209288143e-05
    ],
    "score_with_hints": [
        -2.6266709028277546e-05,
        2.6266709028277546e-05
    ]
}