{
    "score no brain": [
        -0.00038464117096737027,
        0.00038464117096737027
    ],
    "score w/ no hint": [
        -0.4111676514148712,
        0.4111676514148712
    ],
    "score_with_hints": [
        -0.6432837843894958,
        0.6432837247848511
    ]
}