{
    "score no brain": [
        -5.41140980203636e-05,
        5.41140980203636e-05
    ],
    "score w/ no hint": [
        -0.6886287927627563,
        0.6886287927627563
    ],
    "score_with_hints": [
        -0.8445037603378296,
        0.8445037007331848
    ]
}