{
    "images": [
        "test_ak_0000/with_hint.png",
        "test_ak_0000/without_hint.png",
        "test_ak_0000/without_brain.png"
    ],
    "score no brain": [
        -0.0006355310324579477,
        0.0006355309742502868
    ],
    "score w/ no hint": [
        -0.0006540511385537684,
        0.0006540510803461075
    ],
    "score_with_hints": [
        -0.0006542523624375463,
        0.0006542523624375463
    ]
}