{
    "score no brain": [
        -3.313238266855478e-05,
        3.313238266855478e-05
    ],
    "score w/ no hint": [
        -0.7560201287269592,
        0.7560201287269592
    ],
    "score_with_hints": [
        -0.8821254372596741,
        0.8821254372596741
    ]
}